Áòº¬Á¿,63
ÐÁÍéÖµRON,44
±¥ºÍÌþ,22
S-ZORB.AT_1001.DACA,20
ÐÁÍéÖµRON2,15
S-ZORB.TE_1201.PV,12
·¼Ìþ,12
S-ZORB.PC_5101.PV,12
½¹Ì¿,11
S-ZORB.FC_1104.DACA,11
S-ZORB.FT_9101.PV,11
S-ZORB.TC_2101.PV,10
S-ZORB.BS_LT_2401.PV,10
S-ZORB.LI_2107.DACA,9
S-ZORB.FT_1204.DACA.PV,9
S-ZORB.LC_5002.DACA,9
S-ZORB.PC_3101.DACA,9
S-ZORB.AT-0005.DACA.PV,9
S-ZORB.FC_2801.PV,8
S-ZORB.PT_1501.PV,8
S,7
S-ZORB.FT_9001.PV,7
S-ZORB.FT_1006.DACA.PV,7
Áòº¬Á¿2,7
S-ZORB.LI_9102.DACA,7
½¹Ì¿2,7
Ï©Ìþ,7
S-ZORB.AI_2903.PV,7
S-ZORB.TE_2103.PV,6
S-ZORB.LC_1201.PV,6
